Workbook

Sheet 會議紀錄
A1: 超正齒輪科技有限公司-會議記錄
A2: 主題 | B2: =簽到表!$B$4 -> 產銷會議 | C2: 日期 | D2: =簽到表!$B$5 | E2: 主席 | F2: =簽到表!$F$6 -> 吳仁隆 | G2: 出席人員 | H2: =簽到表!$O$1 -> 吳仁隆,吳佳靜,林佩宜,張文俐,高志宏,何沐桐,葉卿雅
A3: 地點 | B3: =簽到表!$B$6 -> 二場會議室 | C3: 時間 | D3: =簽到表!$C$5 | E3: 記錄 | F3: 何沐桐
A4: ＮＯ | B4: 報 告 要 點 及 決 議 事 項 | I4: 應完成日期 | J4: 負責人 | K4: 確認簽名 | L4: 備註
A5: 上級 指示 要項 | P5: 生管
P6: 業務
P7: 現場
P8: 全體
P9: 生管 業務
A11: 會議 要項
I15: (本記錄不得擅自塗改) | L15: 2-GM-05-01
A16: 總 經 理 確 認： | F16: 主 席 確 認： | J16: 製 表：

Sheet 簽到表
A1: 超正齒輪科技有限公司 | I1: 單位 | J1: 職稱 | K1: 姓 名 | L1: 參加 打0 | M1: 主席 打1 | N1: 出席名單 | O1: =INDEX($N$2:$N$34,MATCH(MAX($H$2:$H$33),$H$2:$H$33,0)) -> 吳仁隆,吳佳靜,林佩宜,張文俐,高志宏,何沐桐,葉卿雅
A2: 簽到表 | H2: =IF($L2="","",MAX($H$1:$H1)+1) | I2: 總經理室 | J2: 總經理 | K2: 陳俊宏 | N2: =IF($L2="","",$K2)
H3: =IF($L3="","",MAX($H$1:$H2)+1) | N3: =IF($L3="",$N2,IF($H3=1,$K3,$N2&","&$K3))
A4: 主題： | B4: 產銷會議 | H4: =IF($L4="","",MAX($H$1:$H3)+1) | I4: 管理課 | J4: 課長 | K4: 林雅婷 | N4: =IF($L4="",$N3,IF($H4=1,$K4,$N3&","&$K4))
A5: 時間： | H5: =IF($L5="","",MAX($H$1:$H4)+1) -> 1 | I5: 業務課 | J5: 經理 | K5: 吳仁隆 | L5: 0 | M5: 1 | N5: =IF($L5="",$N4,IF($H5=1,$K5,$N4&","&$K5)) -> 吳仁隆
A6: 地點： | B6: 二場會議室 | E6: 主席 | F6: =IF(ISERROR(MATCH(1,$M$2:$M$34,0)),"",INDEX($K$2:$K$34,MATCH(1,$M$2:$M$34,0))) -> 吳仁隆 | H6: =IF($L6="","",MAX($H$1:$H5)+1) -> 2 | I6: 業務課 | J6: 課長 | K6: 吳佳靜 | L6: 0 | N6: =IF($L6="",$N5,IF($H6=1,$K6,$N5&","&$K6)) -> 吳仁隆,吳佳靜
A7: NO | B7: 單位 | C7: 職稱 | D7: 姓 名 | E7: 簽名 | G7: 備註 | H7: =IF($L7="","",MAX($H$1:$H6)+1) | I7: 業務課 | J7: 組員 | K7: 陳喬惠 | N7: =IF($L7="",$N6,IF($H7=1,$K7,$N6&","&$K7)) -> 吳仁隆,吳佳靜
A8: 1 | B8: =IF(ISERROR(MATCH($A8,$H$2:$H$33,0)),"",INDEX($I$2:$I$34,MATCH($A8,$H$2:$H$33,0))) -> 業務課 | C8: =IF(ISERROR(MATCH($A8,$H$2:$H$33,0)),"",INDEX($J$2:$J$34,MATCH($A8,$H$2:$H$33,0))) -> 經理 | D8: =IF(ISERROR(MATCH($A8,$H$2:$H$33,0)),"",INDEX($K$2:$K$34,MATCH($A8,$H$2:$H$33,0))) -> 吳仁隆 | H8: =IF($L8="","",MAX($H$1:$H7)+1) -> 3 | I8: 業務課 | J8: 組員 | K8: 林佩宜 | L8: 0 | N8: =IF($L8="",$N7,IF($H8=1,$K8,$N7&","&$K8)) -> 吳仁隆,吳佳靜,林佩宜
A9: 2 | B9: =IF(ISERROR(MATCH($A9,$H$2:$H$33,0)),"",INDEX($I$2:$I$34,MATCH($A9,$H$2:$H$33,0))) -> 業務課 | C9: =IF(ISERROR(MATCH($A9,$H$2:$H$33,0)),"",INDEX($J$2:$J$34,MATCH($A9,$H$2:$H$33,0))) -> 課長 | D9: =IF(ISERROR(MATCH($A9,$H$2:$H$33,0)),"",INDEX($K$2:$K$34,MATCH($A9,$H$2:$H$33,0))) -> 吳佳靜 | H9: =IF($L9="","",MAX($H$1:$H8)+1) | I9: 生產課 | J9: 課長 | K9: 林鴻銘 | N9: =IF($L9="",$N8,IF($H9=1,$K9,$N8&","&$K9)) -> 吳仁隆,吳佳靜,林佩宜
A10: 3 | B10: =IF(ISERROR(MATCH($A10,$H$2:$H$33,0)),"",INDEX($I$2:$I$34,MATCH($A10,$H$2:$H$33,0))) -> 業務課 | C10: =IF(ISERROR(MATCH($A10,$H$2:$H$33,0)),"",INDEX($J$2:$J$34,MATCH($A10,$H$2:$H$33,0))) -> 組員 | D10: =IF(ISERROR(MATCH($A10,$H$2:$H$33,0)),"",INDEX($K$2:$K$34,MATCH($A10,$H$2:$H$33,0))) -> 林佩宜 | H10: =IF($L10="","",MAX($H$1:$H9)+1) | I10: 生產課 | J10: 組長 | K10: 單昱誠 | N10: =IF($L10="",$N9,IF($H10=1,$K10,$N9&","&$K10)) -> 吳仁隆,吳佳靜,林佩宜
A11: 4 | B11: =IF(ISERROR(MATCH($A11,$H$2:$H$33,0)),"",INDEX($I$2:$I$34,MATCH($A11,$H$2:$H$33,0))) -> 生管組 | C11: =IF(ISERROR(MATCH($A11,$H$2:$H$33,0)),"",INDEX($J$2:$J$34,MATCH($A11,$H$2:$H$33,0))) -> 組員 | D11: =IF(ISERROR(MATCH($A11,$H$2:$H$33,0)),"",INDEX($K$2:$K$34,MATCH($A11,$H$2:$H$33,0))) -> 張文俐 | H11: =IF($L11="","",MAX($H$1:$H10)+1) | N11: =IF($L11="",$N10,IF($H11=1,$K11,$N10&","&$K11)) -> 吳仁隆,吳佳靜,林佩宜
A12: 5 | B12: =IF(ISERROR(MATCH($A12,$H$2:$H$33,0)),"",INDEX($I$2:$I$34,MATCH($A12,$H$2:$H$33,0))) -> 技術課 | C12: =IF(ISERROR(MATCH($A12,$H$2:$H$33,0)),"",INDEX($J$2:$J$34,MATCH($A12,$H$2:$H$33,0))) -> 工程師 | D12: =IF(ISERROR(MATCH($A12,$H$2:$H$33,0)),"",INDEX($K$2:$K$34,MATCH($A12,$H$2:$H$33,0))) -> 何沐桐 | H12: =IF($L12="","",MAX($H$1:$H11)+1) -> 4 | I12: 生管組 | J12: 組員 | K12: 張文俐 | L12: 0 | N12: =IF($L12="",$N11,IF($H12=1,$K12,$N11&","&$K12)) -> 吳仁隆,吳佳靜,林佩宜,張文俐
A13: 6 | B13: =IF(ISERROR(MATCH($A13,$H$2:$H$33,0)),"",INDEX($I$2:$I$34,MATCH($A13,$H$2:$H$33,0))) -> 技術課 | C13: =IF(ISERROR(MATCH($A13,$H$2:$H$33,0)),"",INDEX($J$2:$J$34,MATCH($A13,$H$2:$H$33,0))) -> 工程師 | D13: =IF(ISERROR(MATCH($A13,$H$2:$H$33,0)),"",INDEX($K$2:$K$34,MATCH($A13,$H$2:$H$33,0))) -> 高志宏 | H13: =IF($L13="","",MAX($H$1:$H12)+1) | I13: 生管組 | J13: 組員 | K13: 林秋燕 | N13: =IF($L13="",$N12,IF($H13=1,$K13,$N12&","&$K13)) -> 吳仁隆,吳佳靜,林佩宜,張文俐
A14: 7 | B14: =IF(ISERROR(MATCH($A14,$H$2:$H$33,0)),"",INDEX($I$2:$I$34,MATCH($A14,$H$2:$H$33,0))) -> 文管中心 | C14: =IF(ISERROR(MATCH($A14,$H$2:$H$33,0)),"",INDEX($J$2:$J$34,MATCH($A14,$H$2:$H$33,0))) -> 負責人 | D14: =IF(ISERROR(MATCH($A14,$H$2:$H$33,0)),"",INDEX($K$2:$K$34,MATCH($A14,$H$2:$H$33,0))) -> 葉卿雅 | H14: =IF($L14="","",MAX($H$1:$H13)+1) | N14: =IF($L14="",$N13,IF($H14=1,$K14,$N13&","&$K14)) -> 吳仁隆,吳佳靜,林佩宜,張文俐
A15: 8 | B15: =IF(ISERROR(MATCH($A15,$H$2:$H$33,0)),"",INDEX($I$2:$I$34,MATCH($A15,$H$2:$H$33,0))) | C15: =IF(ISERROR(MATCH($A15,$H$2:$H$33,0)),"",INDEX($J$2:$J$34,MATCH($A15,$H$2:$H$33,0))) | D15: =IF(ISERROR(MATCH($A15,$H$2:$H$33,0)),"",INDEX($K$2:$K$34,MATCH($A15,$H$2:$H$33,0))) | H15: =IF($L15="","",MAX($H$1:$H14)+1) | I15: 品管組 | J15: 組員 | K15: 陳靜萍 | N15: =IF($L15="",$N14,IF($H15=1,$K15,$N14&","&$K15)) -> 吳仁隆,吳佳靜,林佩宜,張文俐
A16: 9 | B16: =IF(ISERROR(MATCH($A16,$H$2:$H$33,0)),"",INDEX($I$2:$I$34,MATCH($A16,$H$2:$H$33,0))) | C16: =IF(ISERROR(MATCH($A16,$H$2:$H$33,0)),"",INDEX($J$2:$J$34,MATCH($A16,$H$2:$H$33,0))) | D16: =IF(ISERROR(MATCH($A16,$H$2:$H$33,0)),"",INDEX($K$2:$K$34,MATCH($A16,$H$2:$H$33,0))) | H16: =IF($L16="","",MAX($H$1:$H15)+1) | I16: 品管組 | J16: 組員 | K16: 陳彦驊 | N16: =IF($L16="",$N15,IF($H16=1,$K16,$N15&","&$K16)) -> 吳仁隆,吳佳靜,林佩宜,張文俐
A17: 10 | B17: =IF(ISERROR(MATCH($A17,$H$2:$H$33,0)),"",INDEX($I$2:$I$34,MATCH($A17,$H$2:$H$33,0))) | C17: =IF(ISERROR(MATCH($A17,$H$2:$H$33,0)),"",INDEX($J$2:$J$34,MATCH($A17,$H$2:$H$33,0))) | D17: =IF(ISERROR(MATCH($A17,$H$2:$H$33,0)),"",INDEX($K$2:$K$34,MATCH($A17,$H$2:$H$33,0))) | H17: =IF($L17="","",MAX($H$1:$H16)+1) -> 5 | I17: 技術課 | J17: 工程師 | K17: 何沐桐 | L17: 0 | N17: =IF($L17="",$N18,IF($H17=1,$K17,$N18&","&$K17)) -> 吳仁隆,吳佳靜,林佩宜,張文俐,高志宏,何沐桐
A18: 11 | B18: =IF(ISERROR(MATCH($A18,$H$2:$H$33,0)),"",INDEX($I$2:$I$34,MATCH($A18,$H$2:$H$33,0))) | C18: =IF(ISERROR(MATCH($A18,$H$2:$H$33,0)),"",INDEX($J$2:$J$34,MATCH($A18,$H$2:$H$33,0))) | D18: =IF(ISERROR(MATCH($A18,$H$2:$H$33,0)),"",INDEX($K$2:$K$34,MATCH($A18,$H$2:$H$33,0))) | H18: =IF($L18="","",MAX($H$1:$H17)+1) -> 6 | I18: 技術課 | J18: 工程師 | K18: 高志宏 | L18: 0 | N18: =IF($L18="",$N16,IF($H18=1,$K18,$N16&","&$K18)) -> 吳仁隆,吳佳靜,林佩宜,張文俐,高志宏
A19: 12 | B19: =IF(ISERROR(MATCH($A19,$H$2:$H$33,0)),"",INDEX($I$2:$I$34,MATCH($A19,$H$2:$H$33,0))) | C19: =IF(ISERROR(MATCH($A19,$H$2:$H$33,0)),"",INDEX($J$2:$J$34,MATCH($A19,$H$2:$H$33,0))) | D19: =IF(ISERROR(MATCH($A19,$H$2:$H$33,0)),"",INDEX($K$2:$K$34,MATCH($A19,$H$2:$H$33,0))) | H19: =IF($L19="","",MAX($H$1:$H18)+1) -> 7 | I19: 文管中心 | J19: 負責人 | K19: 葉卿雅 | L19: 0 | N19: =IF($L19="",$N17,IF($H19=1,$K19,$N17&","&$K19)) -> 吳仁隆,吳佳靜,林佩宜,張文俐,高志宏,何沐桐,葉卿雅
A20: 13 | B20: =IF(ISERROR(MATCH($A20,$H$2:$H$33,0)),"",INDEX($I$2:$I$34,MATCH($A20,$H$2:$H$33,0))) | C20: =IF(ISERROR(MATCH($A20,$H$2:$H$33,0)),"",INDEX($J$2:$J$34,MATCH($A20,$H$2:$H$33,0))) | D20: =IF(ISERROR(MATCH($A20,$H$2:$H$33,0)),"",INDEX($K$2:$K$34,MATCH($A20,$H$2:$H$33,0))) | H20: =IF($L20="","",MAX($H$1:$H19)+1)
A21: 14 | B21: =IF(ISERROR(MATCH($A21,$H$2:$H$33,0)),"",INDEX($I$2:$I$34,MATCH($A21,$H$2:$H$33,0))) | C21: =IF(ISERROR(MATCH($A21,$H$2:$H$33,0)),"",INDEX($J$2:$J$34,MATCH($A21,$H$2:$H$33,0))) | D21: =IF(ISERROR(MATCH($A21,$H$2:$H$33,0)),"",INDEX($K$2:$K$34,MATCH($A21,$H$2:$H$33,0))) | H21: =IF($L21="","",MAX($H$1:$H20)+1)
A22: 15 | B22: =IF(ISERROR(MATCH($A22,$H$2:$H$33,0)),"",INDEX($I$2:$I$34,MATCH($A22,$H$2:$H$33,0))) | C22: =IF(ISERROR(MATCH($A22,$H$2:$H$33,0)),"",INDEX($J$2:$J$34,MATCH($A22,$H$2:$H$33,0))) | D22: =IF(ISERROR(MATCH($A22,$H$2:$H$33,0)),"",INDEX($K$2:$K$34,MATCH($A22,$H$2:$H$33,0))) | H22: =IF($L22="","",MAX($H$1:$H21)+1)
A23: 16 | B23: =IF(ISERROR(MATCH($A23,$H$2:$H$33,0)),"",INDEX($I$2:$I$34,MATCH($A23,$H$2:$H$33,0))) | C23: =IF(ISERROR(MATCH($A23,$H$2:$H$33,0)),"",INDEX($J$2:$J$34,MATCH($A23,$H$2:$H$33,0))) | D23: =IF(ISERROR(MATCH($A23,$H$2:$H$33,0)),"",INDEX($K$2:$K$34,MATCH($A23,$H$2:$H$33,0))) | H23: =IF($L23="","",MAX($H$1:$H22)+1)
A24: 17 | B24: =IF(ISERROR(MATCH($A24,$H$2:$H$33,0)),"",INDEX($I$2:$I$34,MATCH($A24,$H$2:$H$33,0))) | C24: =IF(ISERROR(MATCH($A24,$H$2:$H$33,0)),"",INDEX($J$2:$J$34,MATCH($A24,$H$2:$H$33,0))) | D24: =IF(ISERROR(MATCH($A24,$H$2:$H$33,0)),"",INDEX($K$2:$K$34,MATCH($A24,$H$2:$H$33,0))) | H24: =IF($L24="","",MAX($H$1:$H23)+1)
A25: 18 | B25: =IF(ISERROR(MATCH($A25,$H$2:$H$33,0)),"",INDEX($I$2:$I$34,MATCH($A25,$H$2:$H$33,0))) | C25: =IF(ISERROR(MATCH($A25,$H$2:$H$33,0)),"",INDEX($J$2:$J$34,MATCH($A25,$H$2:$H$33,0))) | D25: =IF(ISERROR(MATCH($A25,$H$2:$H$33,0)),"",INDEX($K$2:$K$34,MATCH($A25,$H$2:$H$33,0))) | H25: =IF($L25="","",MAX($H$1:$H24)+1)
A26: 19 | B26: =IF(ISERROR(MATCH($A26,$H$2:$H$33,0)),"",INDEX($I$2:$I$34,MATCH($A26,$H$2:$H$33,0))) | C26: =IF(ISERROR(MATCH($A26,$H$2:$H$33,0)),"",INDEX($J$2:$J$34,MATCH($A26,$H$2:$H$33,0))) | D26: =IF(ISERROR(MATCH($A26,$H$2:$H$33,0)),"",INDEX($K$2:$K$34,MATCH($A26,$H$2:$H$33,0))) | H26: =IF($L26="","",MAX($H$1:$H25)+1)
G27: 2-MM-01-02 | H27: =IF($L27="","",MAX($H$1:$H26)+1)
H28: =IF($L28="","",MAX($H$1:$H27)+1)
H29: =IF($L29="","",MAX($H$1:$H28)+1)
H30: =IF($L30="","",MAX($H$1:$H29)+1)
